Algeria,DZ,Africa
Angola,AO,Africa
Benin,BJ,Africa
Botswana,BW,Africa
Burkina Faso,BF,Africa
Burundi,BI,Africa
Cameroon,CM,Africa
Cape Verde,CV,Africa
The Central African Republic,CF,Africa
Chad,TD,Africa
The Comoros,KM,Africa
"Congo, Democratic Republic of",CD,Africa
Côte d'Ivoire,CI,Africa
Djibouti,DJ,Africa
Egypt,EG,Africa
Equatorial Guinea,GQ,Africa
Eritrea,ER,Africa
"Eswatini, formerly known as Swaziland",SZ,Africa
Ethiopia,ET,Africa
Gabon,GA,Africa
Gambia,GM,Africa
Ghana,GH,Africa
Guinea,GN,Africa
Guinea-Bissau,GW,Africa
Kenya,KE,Africa
Lesotho,LS,Africa
Liberia,LR,Africa
Madagascar,MG,Africa
Malawi,MW,Africa
Mali,ML,Africa
Mauritania,MR,Africa
Mauritius,MU,Africa
Mayotte,YT,Africa
Morocco,MA,Africa
Mozambique,MZ,Africa
Namibia,NA,Africa
Niger,NE,Africa
Nigeria,NG,Africa
Reunion,RE,Africa
Rwanda,RW,Africa
"Saint Helena, Ascension and Tristan da Cunha",SH,Africa
Sao Tome and Principe,ST,Africa
Senegal,SN,Africa
Seychelles,SC,Africa
Sierra Leone,SL,Africa
Somalia,SO,Africa
South Africa,ZA,Africa
South Sudan,SS,Africa
The Sudan,SD,Africa
Tanzania,TZ,Africa
Togo,TG,Africa
Tunisia,TN,Africa
Uganda,UG,Africa
Western Sahara,EH,Africa
Zambia,ZM,Africa
Zimbabwe,ZW,Africa
Antarctica,AQ,Antarctic
Bouvet Island,BV,Antarctic
French Southern Territories,TF,Antarctic
Heard Island and McDonald Islands,HM,Antarctic
South Georgia and the South Sandwich Islands,GS,Antarctic
American Samoa,AS,Oceania
Australia,AU,Oceania
Cook Islands,CK,Oceania
Fiji,FJ,Oceania
French Polynesia,PF,Oceania
Guam,GU,Oceania
Kiribati,KI,Oceania
Marshall Islands,MH,Oceania
Micronesia,FM,Oceania
Nauru,NR,Oceania
New Caledonia,NC,Oceania
New Zealand,NZ,Oceania
Niue,NU,Oceania
Norfolk Island,NF,Oceania
Northern Mariana Islands,MP,Oceania
Palau,PW,Oceania
Papua New Guinea,PG,Oceania
Pitcairn Islands,PN,Oceania
Samoa,WS,Oceania
Solomon Islands,SB,Oceania
Tokelau,TK,Oceania
"Tonga, Kingdom of",TO,Oceania
Tuvalu,TV,Oceania
United States Minor Outlying Islands,UM,Oceania
Vanuatu,VU,Oceania
Wallis and Futuna,WF,Oceania
Aland Islands,AX,Europe
Albania,AL,Europe
Andorra,AD,Europe
Armenia,AM,Europe
Austria,AT,Europe
Belarus,BY,Europe
Belgium,BE,Europe
Bosnia and Herzegovina,BA,Europe
"Bulgaria, Republic of",BG,Europe
Croatia,HR,Europe
Czech Republic (Czechia),CZ,Europe
Denmark,DK,Europe
Estonia,EE,Europe
Faroe Islands,FO,Europe
Finland,FI,Europe
France,FR,Europe
Germany,DE,Europe
Gibraltar,GI,Europe
Greece,GR,Europe
Guernsey,GG,Europe
Holy See (Vatican City State),VA,Europe
Hungary,HU,Europe
Iceland,IS,Europe
Ireland,IE,Europe
Isle of Man,IM,Europe
Italy,IT,Europe
Jersey,JE,Europe
Latvia,LV,Europe
Liechtenstein,LI,Europe
Lithuania,LT,Europe
Luxembourg,LU,Europe
Republic of North Macedonia,MK,Europe
Malta,MT,Europe
Moldova,MD,Europe
Monaco,MC,Europe
Montenegro,ME,Europe
Netherlands,NL,Europe
Norway,NO,Europe
Poland,PL,Europe
Portugal,PT,Europe
Romania,RO,Europe
Russian Federation,RU,Europe
San Marino,SM,Europe
Serbia,RS,Europe
Slovakia (Slovak Republic),SK,Europe
Slovenia,SI,Europe
Spain,ES,Europe
Svalbard & Jan Mayen Islands,SJ,Europe
Sweden,SE,Europe
Switzerland,CH,Europe
Ukraine,UA,Europe
United Kingdom,GB,Europe
Anguilla,AI,North America
Aruba,AW,North America
"Bonaire, Sint Eustatius and Saba",BQ,North America
Canada,CA,North America
Cuba,CU,North America
Curaçao,CW,North America
Dominica,DM,North America
Dominican Republic,DO,North America
El Salvador,SV,North America
Greenland,GL,North America
Grenada,GD,North America
Guadeloupe,GP,North America
Guatemala,GT,North America
Haiti,HT,North America
Honduras,HN,North America
Jamaica,JM,North America
Martinique,MQ,North America
Mexico,MX,North America
Montserrat,MS,North America
Netherlands Antilles,AN,North America
Costa Rica,CR,North America
Nicaragua,NI,North America
Panama,PA,North America
Puerto Rico,PR,North America
Saint Barthelemy,BL,North America
Saint Kitts and Nevis,KN,North America
Saint Lucia,LC,North America
Saint Martin,MF,North America
Saint Pierre and Miquelon,PM,North America
Saint Vincent and the Grenadines,VC,North America
Sint Maarten (Netherlands),SX,North America
Trinidad and Tobago,TT,North America
Turks and Caicos Islands,TC,North America
United States Minor Outlying Islands,UM,North America
United States of America,US,North America
United States Virgin Islands,VI,North America
Argentina,AR,South America
Bolivia,BO,South America
Brazil,BR,South America
Chile,CL,South America
Colombia,CO,South America
Ecuador,EC,South America
Falkland Islands (Malvinas),FK,South America
French Guiana,GF,South America
Guyana,GY,South America
Paraguay,PY,South America
Peru,PE,South America
Suriname,SR,South America
Uruguay,UY,South America
Venezuela,VE,South America
Afghanistan,AF,Asia
Azerbaijan,AZ,Asia
Bahrain,BH,Asia
Bangladesh,BD,Asia
Bhutan,BT,Asia
British Indian Ocean Territory,IO,Asia
Brunei Darussalam,BN,Asia
Cambodia,KH,Asia
"China, People's Republic of",CN,Asia
Hong Kong Special Administrative Region of the People's Republic of China,HK,Asia
Taiwan Republic Of China,TW,Asia
Christmas Island,CX,Asia
Cocos (Keeling) Islands,CC,Asia
Cyprus,CY,Asia
Georgia,GE,Asia
India,IN,Asia
Indonesia,ID,Asia
"Iran, Islamic Republic of",IR,Asia
Iraq,IQ,Asia
Israel,IL,Asia
Japan,JP,Asia
Jordan,JO,Asia
Kazakhstan,KZ,Asia
"Korea, Democratic People's Republic of",KP,Asia
"Korea, Republic of",KR,Asia
Kuwait,KW,Asia
Kyrgyzstan,KG,Asia
Lao People's Democratic Republic,LA,Asia
Lebanon,LB,Asia
Macao,MO,Asia
Malaysia,MY,Asia
Maldives,MV,Asia
Mongolia,MN,Asia
Myanmar,MM,Asia
Nepal,NP,Asia
Oman,OM,Asia
Pakistan,PK,Asia
Palestinian Territory,PS,Asia
Philippines,PH,Asia
Qatar,QA,Asia
Saudi Arabia,SA,Asia
Singapore,SG,Asia
Sri Lanka,LK,Asia
Syrian Arab Republic,SY,Asia
Tajikistan,TJ,Asia
Thailand,TH,Asia
Timor-Leste,TL,Asia
Turkey,TR,Asia
Turkmenistan,TM,Asia
United Arab Emirates,AE,Asia
Uzbekistan,UZ,Asia
Vietnam,VN,Asia
Yemen,YE,Asia